ID,labelID,labelWord
3483,33,FlowStream
2047,7,SprayDryer
3031,3,ColumnFluidizedBed
3752,51,SieveGeneric
1761,31,RotaryMixer
3001,37,ButterflyValveGeneric
854,51,SieveGeneric
48,2,ThinFilmEvaporator
2568,14,GasCylinder
1283,16,ColumnGeneric
1092,8,FilterGeneric
1873,17,TrayColumnGeneric
3566,29,AxialCompressor
3784,10,TankConicalRoofFlatBottom
765,57,CrusherImpactType
402,40,CheckValveGeneric
994,40,CheckValveGeneric
3003,37,ButterflyValveGeneric
2219,10,TankConicalRoofFlatBottom
3270,38,GateValvePneumaticDiaphragm
382,10,TankConicalRoofFlatBottom
2155,43,NeedleValve
94,22,FixedStraightTubes
1692,6,HeatExchangerGeneric
1093,7,SprayDryer
3295,47,ElectricMotorGeneric
2360,59,AlternateChoiceOrSafetyInstrumentedSystemFrontCentralPanel
2840,13,VesselDishedEndsGeneric
138,32,Splitter
1862,9,CompressorGeneric
3714,34,SignalLine
2647,47,ElectricMotorGeneric
438,52,AgitatorGeneric
1909,29,AxialCompressor
1979,42,GlobeValveGeneric
3501,27,BlowerGeneric
109,29,AxialCompressor
3074,7,SprayDryer
2071,23,PlateHeatExchanger
820,38,GateValvePneumaticDiaphragm
499,7,SprayDryer
2345,52,AgitatorGeneric
2016,54,AgitatorDisc
3720,32,Splitter
2699,54,AgitatorDisc
480,2,ThinFilmEvaporator
2149,45,DiscreteFrontCentralPanel
2082,20,SeperatorGeneric
230,13,VesselDishedEndsGeneric
2245,13,VesselDishedEndsGeneric
3499,27,BlowerGeneric
2124,30,OPCRight
3705,49,RotatingExtruder
544,16,ColumnGeneric
2674,50,GrinderGeneric
1509,43,NeedleValve
2328,46,GeneratorGeneric
250,18,ColumnFixedBed
2305,41,BallValveGeneric
279,33,FlowStream
3095,12,VesselGeneric
1905,19,CoolingTowerGeneric
639,3,ColumnFluidizedBed
193,7,SprayDryer
2003,58,PrimaryChoiceOrBasicProcessControlSystemFrontCentralPanel
260,27,BlowerGeneric
3061,11,Turbine Generic
2893,13,VesselDishedEndsGeneric
3259,41,BallValveGeneric
1352,59,AlternateChoiceOrSafetyInstrumentedSystemFrontCentralPanel
3557,56,SolidShellCentrifuge
229,13,VesselDishedEndsGeneric
793,47,ElectricMotorGeneric
3595,49,RotatingExtruder
1620,30,OPCRight
1291,13,VesselDishedEndsGeneric
468,54,AgitatorDisc
2370,56,SolidShellCentrifuge
1145,26,KettleReboiler
2794,22,FixedStraightTubes
545,16,ColumnGeneric
1653,19,CoolingTowerGeneric
3278,59,AlternateChoiceOrSafetyInstrumentedSystemFrontCentralPanel
2028,2,ThinFilmEvaporator
1394,9,CompressorGeneric
2630,41,BallValveGeneric
2715,31,RotaryMixer
2422,14,GasCylinder
510,28,ReciprocatingPump
2873,20,SeperatorGeneric
3182,43,NeedleValve
2719,41,BallValveGeneric
1155,35,AngleBallValve
1125,21,HeatExchangerGeneric2
2267,18,ColumnFixedBed
3695,52,AgitatorGeneric
1768,40,CheckValveGeneric
563,22,FixedStraightTubes
387,9,CompressorGeneric
1746,24,CoilShapedTubes
1502,45,DiscreteFrontCentralPanel
461,56,SolidShellCentrifuge
1534,58,PrimaryChoiceOrBasicProcessControlSystemFrontCentralPanel
306,36,ThreeWayValveGeneric
2651,46,GeneratorGeneric
1984,52,AgitatorGeneric
1044,48,Chimney
2104,24,CoilShapedTubes
186,10,TankConicalRoofFlatBottom
1610,33,FlowStream
2805,19,CoolingTowerGeneric
1928,35,AngleBallValve
2022,4,ValveGeneric
2385,3,ColumnFluidizedBed
25,39,GateValveHandOperated
859,49,RotatingExtruder
1763,30,OPCRight
455,58,PrimaryChoiceOrBasicProcessControlSystemFrontCentralPanel
1972,44,DiscreteField
220,16,ColumnGeneric
741,53,AgitatorPropeller
2175,49,RotatingExtruder
2530,50,GrinderGeneric
3551,58,PrimaryChoiceOrBasicProcessControlSystemFrontCentralPanel
3221,18,ColumnFixedBed
3100,22,FixedStraightTubes
920,17,TrayColumnGeneric
2145,47,ElectricMotorGeneric
2140,36,ThreeWayValveGeneric
2811,29,AxialCompressor
3150,30,OPCRight
2736,36,ThreeWayValveGeneric
524,35,AngleBallValve
142,30,OPCRight
2490,40,CheckValveGeneric
2564,15,TankDishedRoof
2365,57,CrusherImpactType
1104,16,ColumnGeneric
1313,18,ColumnFixedBed
144,30,OPCRight
3769,57,CrusherImpactType
3020,7,SprayDryer
1633,13,VesselDishedEndsGeneric
187,9,CompressorGeneric
3248,45,DiscreteFrontCentralPanel
3391,15,TankDishedRoof
2075,22,FixedStraightTubes
1975,43,NeedleValve
1493,36,ThreeWayValveGeneric
2293,33,FlowStream
201,5,ReactorGeneric
2259,21,HeatExchangerGeneric2
775,41,BallValveGeneric
1976,43,NeedleValve
3253,43,NeedleValve
2341,53,AgitatorPropeller
135,33,FlowStream
2663,42,GlobeValveGeneric
2926,8,FilterGeneric
325,53,AgitatorPropeller
72,6,HeatExchangerGeneric
1105,15,TankDishedRoof
708,16,ColumnGeneric
1179,39,GateValveHandOperated
1716,22,FixedStraightTubes
2263,19,CoolingTowerGeneric
2650,46,GeneratorGeneric
440,51,SieveGeneric
476,3,ColumnFluidizedBed
885,5,ReactorGeneric
3601,35,AngleBallValve
65,8,FilterGeneric
1900,20,SeperatorGeneric
3136,34,SignalLine
2904,58,PrimaryChoiceOrBasicProcessControlSystemFrontCentralPanel
2406,8,FilterGeneric
2037,11,Turbine Generic
3077,6,HeatExchangerGeneric
2601,27,BlowerGeneric
1212,28,ReciprocatingPump
2906,57,CrusherImpactType
3293,54,AgitatorDisc
1930,34,SignalLine
566,21,HeatExchangerGeneric2
3000,38,GateValvePneumaticDiaphragm
990,30,OPCRight
2424,14,GasCylinder
2065,13,VesselDishedEndsGeneric
670,16,ColumnGeneric
2127,41,BallValveGeneric
99,21,HeatExchangerGeneric2
957,29,AxialCompressor
2191,55,Burner
107,18,ColumnFixedBed
1033,51,SieveGeneric
1929,35,AngleBallValve
2466,24,CoilShapedTubes
1674,0,CentrifugalPump
140,31,RotaryMixer
2540,5,ReactorGeneric
101,20,SeperatorGeneric
2051,6,HeatExchangerGeneric
3015,9,CompressorGeneric
333,51,SieveGeneric
3229,57,CrusherImpactType
2433,23,PlateHeatExchanger
3817,5,ReactorGeneric
776,41,BallValveGeneric
213,1,PumpGeneric
1639,23,PlateHeatExchanger
2233,17,TrayColumnGeneric
2311,39,GateValveHandOperated
1805,52,AgitatorGeneric
1796,43,NeedleValve
1232,33,FlowStream
1056,56,SolidShellCentrifuge
1871,6,HeatExchangerGeneric
2643,37,ButterflyValveGeneric
932,13,VesselDishedEndsGeneric
2809,29,AxialCompressor
1263,11,Turbine Generic
1573,45,DiscreteFrontCentralPanel
2350,50,GrinderGeneric
245,20,SeperatorGeneric
421,45,DiscreteFrontCentralPanel
3394,14,GasCylinder
3151,41,BallValveGeneric
1603,35,AngleBallValve
3378,14,GasCylinder
1132,18,ColumnFixedBed
2899,59,AlternateChoiceOrSafetyInstrumentedSystemFrontCentralPanel
3692,53,AgitatorPropeller
202,4,ValveGeneric
2059,15,TankDishedRoof
711,15,TankDishedRoof
2551,1,PumpGeneric
1482,40,CheckValveGeneric
180,48,Chimney
3233,56,SolidShellCentrifuge
2922,10,TankConicalRoofFlatBottom
3319,39,GateValveHandOperated
521,24,CoilShapedTubes
2453,28,ReciprocatingPump
2744,33,FlowStream
696,20,SeperatorGeneric
3384,12,VesselGeneric
1854,0,CentrifugalPump
2207,2,ThinFilmEvaporator
3792,8,FilterGeneric
497,8,FilterGeneric
1264,10,TankConicalRoofFlatBottom
2628,30,OPCRight
1574,45,DiscreteFrontCentralPanel
1818,48,Chimney
1300,22,FixedStraightTubes
2706,34,SignalLine
3611,32,Splitter
585,27,BlowerGeneric
3630,38,GateValvePneumaticDiaphragm
3749,52,AgitatorGeneric
2777,28,ReciprocatingPump
198,6,HeatExchangerGeneric
1521,51,SieveGeneric
1069,3,ColumnFluidizedBed
3002,37,ButterflyValveGeneric
1006,36,ThreeWayValveGeneric
1981,53,AgitatorPropeller
1898,21,HeatExchangerGeneric2
1278,6,HeatExchangerGeneric
867,59,AlternateChoiceOrSafetyInstrumentedSystemFrontCentralPanel
630,30,OPCRight
784,38,GateValvePneumaticDiaphragm
976,34,SignalLine
3078,6,HeatExchangerGeneric
3621,41,BallValveGeneric
2232,6,HeatExchangerGeneric
2718,30,OPCRight
1798,42,GlobeValveGeneric
3359,20,SeperatorGeneric
926,15,TankDishedRoof
2586,20,SeperatorGeneric
1436,43,NeedleValve
1940,31,RotaryMixer
149,58,PrimaryChoiceOrBasicProcessControlSystemFrontCentralPanel
106,18,ColumnFixedBed
2709,33,FlowStream
3145,31,RotaryMixer
1445,4,ValveGeneric
897,1,PumpGeneric
23,40,CheckValveGeneric
2885,16,ColumnGeneric
2640,38,GateValvePneumaticDiaphragm
444,50,GrinderGeneric
2704,34,SignalLine
1585,29,AxialCompressor
1386,0,CentrifugalPump
390,8,FilterGeneric
3426,4,ValveGeneric
3736,50,GrinderGeneric
2119,31,RotaryMixer
3421,5,ReactorGeneric
1374,4,ValveGeneric
1367,54,AgitatorDisc
2086,18,ColumnFixedBed
3066,10,TankConicalRoofFlatBottom
1252,2,ThinFilmEvaporator
2940,4,ValveGeneric
3579,25,Furnace
494,9,CompressorGeneric
3779,54,AgitatorDisc
1634,13,VesselDishedEndsGeneric
1301,22,FixedStraightTubes
2977,45,DiscreteFrontCentralPanel
568,20,SeperatorGeneric
3382,12,VesselGeneric
1567,47,ElectricMotorGeneric
304,36,ThreeWayValveGeneric
2087,18,ColumnFixedBed
114,28,ReciprocatingPump
1004,37,ButterflyValveGeneric
3168,36,ThreeWayValveGeneric
1749,35,AngleBallValve
3327,37,ButterflyValveGeneric
2858,7,SprayDryer
878,55,Burner
2513,44,DiscreteField
196,6,HeatExchangerGeneric
3762,48,Chimney
3124,26,KettleReboiler
3080,17,TrayColumnGeneric
2687,58,PrimaryChoiceOrBasicProcessControlSystemFrontCentralPanel
1485,39,GateValveHandOperated
768,56,SolidShellCentrifuge
3023,6,HeatExchangerGeneric
1395,9,CompressorGeneric
1207,29,AxialCompressor
901,11,Turbine Generic
305,36,ThreeWayValveGeneric
2468,35,AngleBallValve
949,19,CoolingTowerGeneric
3694,52,AgitatorGeneric
1861,9,CompressorGeneric
1348,54,AgitatorDisc
1196,45,DiscreteFrontCentralPanel
3429,3,ColumnFluidizedBed
593,24,CoilShapedTubes
377,0,CentrifugalPump
1579,43,NeedleValve
586,26,KettleReboiler
194,7,SprayDryer
1055,56,SolidShellCentrifuge
2077,21,HeatExchangerGeneric2
2338,42,GlobeValveGeneric
1503,45,DiscreteFrontCentralPanel
2881,17,TrayColumnGeneric
3169,47,ElectricMotorGeneric
621,33,FlowStream
2613,35,AngleBallValve
3591,51,SieveGeneric
3740,49,RotatingExtruder
1637,12,VesselGeneric
246,20,SeperatorGeneric
2171,50,GrinderGeneric
1429,45,DiscreteFrontCentralPanel
2894,13,VesselDishedEndsGeneric
1010,47,ElectricMotorGeneric
817,39,GateValveHandOperated
2974,46,GeneratorGeneric
2,47,ElectricMotorGeneric
3317,40,CheckValveGeneric
666,6,HeatExchangerGeneric
3176,45,DiscreteFrontCentralPanel
3716,33,FlowStream
2760,46,GeneratorGeneric
365,4,ValveGeneric
1591,27,BlowerGeneric
2730,38,GateValvePneumaticDiaphragm
1282,16,ColumnGeneric
978,34,SignalLine
2469,35,AngleBallValve
3573,27,BlowerGeneric
195,7,SprayDryer
879,55,Burner
423,45,DiscreteFrontCentralPanel
2871,21,HeatExchangerGeneric2
1624,16,ColumnGeneric
2044,8,FilterGeneric
2644,36,ThreeWayValveGeneric
3567,29,AxialCompressor
2821,25,Furnace
3659,4,ValveGeneric
453,59,AlternateChoiceOrSafetyInstrumentedSystemFrontCentralPanel
1344,56,SolidShellCentrifuge
2012,55,Burner
816,40,CheckValveGeneric
1019,44,DiscreteField
632,5,ReactorGeneric
3755,50,GrinderGeneric
961,27,BlowerGeneric
487,11,Turbine Generic
3722,31,RotaryMixer
2529,51,SieveGeneric
2280,26,KettleReboiler
1915,27,BlowerGeneric
185,10,TankConicalRoofFlatBottom
1562,37,ButterflyValveGeneric
1586,29,AxialCompressor
3661,3,ColumnFluidizedBed
1477,41,BallValveGeneric
1539,57,CrusherImpactType
1332,48,Chimney
866,59,AlternateChoiceOrSafetyInstrumentedSystemFrontCentralPanel
495,9,CompressorGeneric
286,30,OPCRight
1165,31,RotaryMixer
2548,2,ThinFilmEvaporator
806,43,NeedleValve
3577,25,Furnace
3771,57,CrusherImpactType
2584,20,SeperatorGeneric
1071,3,ColumnFluidizedBed
446,49,RotatingExtruder
385,9,CompressorGeneric
3284,57,CrusherImpactType
3065,10,TankConicalRoofFlatBottom
3610,32,Splitter
589,25,Furnace
2505,47,ElectricMotorGeneric
1205,42,GlobeValveGeneric
684,12,VesselGeneric
704,17,TrayColumnGeneric
326,53,AgitatorPropeller
695,20,SeperatorGeneric
278,33,FlowStream
888,4,ValveGeneric
3238,54,AgitatorDisc
2508,46,GeneratorGeneric
2141,36,ThreeWayValveGeneric
2430,12,VesselGeneric
2437,21,HeatExchangerGeneric2
212,1,PumpGeneric
1944,30,OPCRight
2925,9,CompressorGeneric
139,31,RotaryMixer
3801,53,AgitatorPropeller
2226,8,FilterGeneric
751,49,RotatingExtruder
3671,0,CentrifugalPump
1324,50,GrinderGeneric
2319,37,ButterflyValveGeneric
2449,29,AxialCompressor
1230,34,SignalLine
160,54,AgitatorDisc
2863,23,PlateHeatExchanger
249,19,CoolingTowerGeneric
311,46,GeneratorGeneric
685,23,PlateHeatExchanger
1708,12,VesselGeneric
1499,46,GeneratorGeneric
2839,13,VesselDishedEndsGeneric
2194,54,AgitatorDisc
2980,44,DiscreteField
2380,4,ValveGeneric
3257,42,GlobeValveGeneric
516,26,KettleReboiler
1360,56,SolidShellCentrifuge
1113,13,VesselDishedEndsGeneric
3097,23,PlateHeatExchanger
128,35,AngleBallValve
2438,21,HeatExchangerGeneric2
1744,24,CoilShapedTubes
3346,24,CoilShapedTubes
3193,51,SieveGeneric
1168,30,OPCRight
3329,36,ThreeWayValveGeneric
818,39,GateValveHandOperated
1213,27,BlowerGeneric
1036,50,GrinderGeneric
707,16,ColumnGeneric
2475,33,FlowStream
1199,44,DiscreteField
2554,0,CentrifugalPump
2684,59,AlternateChoiceOrSafetyInstrumentedSystemFrontCentralPanel
1043,48,Chimney
1825,57,CrusherImpactType
1008,36,ThreeWayValveGeneric
1519,51,SieveGeneric
2648,47,ElectricMotorGeneric
1414,38,GateValvePneumaticDiaphragm
2986,42,GlobeValveGeneric
482,1,PumpGeneric
2270,29,AxialCompressor
3680,9,CompressorGeneric
3283,57,CrusherImpactType
3554,57,CrusherImpactType
3825,3,ColumnFluidizedBed
163,53,AgitatorPropeller
1290,14,GasCylinder
3155,40,CheckValveGeneric
1439,42,GlobeValveGeneric
3719,32,Splitter
1627,15,TankDishedRoof
2888,15,TankDishedRoof
2132,39,GateValveHandOperated
914,7,SprayDryer
2848,10,TankConicalRoofFlatBottom
2506,46,GeneratorGeneric
2234,17,TrayColumnGeneric
2924,9,CompressorGeneric
1765,41,BallValveGeneric
1322,51,SieveGeneric
3163,37,ButterflyValveGeneric
3062,11,Turbine Generic
2432,23,PlateHeatExchanger
858,50,GrinderGeneric
1686,8,FilterGeneric
2343,53,AgitatorPropeller
86,13,VesselDishedEndsGeneric
2948,1,PumpGeneric
55,11,Turbine Generic
2312,39,GateValveHandOperated
2569,13,VesselDishedEndsGeneric
3462,16,ColumnGeneric
3550,58,PrimaryChoiceOrBasicProcessControlSystemFrontCentralPanel
950,19,CoolingTowerGeneric
2445,19,CoolingTowerGeneric
227,14,GasCylinder
1475,6,HeatExchangerGeneric
2729,38,GateValvePneumaticDiaphragm
3698,51,SieveGeneric
3222,18,ColumnFixedBed
3192,52,AgitatorGeneric
2534,49,RotatingExtruder
2705,34,SignalLine
1156,34,SignalLine
1030,52,AgitatorGeneric
1170,30,OPCRight
576,18,ColumnFixedBed
3461,16,ColumnGeneric
2356,48,Chimney
1099,17,TrayColumnGeneric
769,55,Burner
1136,29,AxialCompressor
895,1,PumpGeneric
1191,47,ElectricMotorGeneric
3821,4,ValveGeneric
2002,58,PrimaryChoiceOrBasicProcessControlSystemFrontCentralPanel
3016,8,FilterGeneric
526,34,SignalLine
2595,29,AxialCompressor
2457,27,BlowerGeneric
1478,41,BallValveGeneric
2090,29,AxialCompressor
42,4,ValveGeneric
2208,2,ThinFilmEvaporator
1192,46,GeneratorGeneric
3833,0,CentrifugalPump
1865,8,FilterGeneric
3324,38,GateValvePneumaticDiaphragm
1189,47,ElectricMotorGeneric
1673,0,CentrifugalPump
2346,52,AgitatorGeneric
2605,25,Furnace
1231,33,FlowStream
2815,27,BlowerGeneric
662,7,SprayDryer
2479,31,RotaryMixer
2375,54,AgitatorDisc
980,33,FlowStream
2907,57,CrusherImpactType
408,38,GateValvePneumaticDiaphragm
565,21,HeatExchangerGeneric2
3402,12,VesselGeneric
1516,52,AgitatorGeneric
3512,47,ElectricMotorGeneric
3180,44,DiscreteField
2307,41,BallValveGeneric
1135,29,AxialCompressor
2792,23,PlateHeatExchanger
3768,58,PrimaryChoiceOrBasicProcessControlSystemFrontCentralPanel
2452,28,ReciprocatingPump
145,59,AlternateChoiceOrSafetyInstrumentedSystemFrontCentralPanel
3288,56,SolidShellCentrifuge
1085,10,TankConicalRoofFlatBottom
1401,7,SprayDryer
1241,30,OPCRight
1345,55,Burner
3276,36,ThreeWayValveGeneric
2039,10,TankConicalRoofFlatBottom
601,27,BlowerGeneric
1897,21,HeatExchangerGeneric2
2700,54,AgitatorDisc
3586,52,AgitatorGeneric
2494,38,GateValvePneumaticDiaphragm
912,8,FilterGeneric
3679,9,CompressorGeneric
1518,52,AgitatorGeneric
389,8,FilterGeneric
1109,14,GasCylinder
533,32,Splitter
3431,2,ThinFilmEvaporator
2129,40,CheckValveGeneric
3718,32,Splitter
2419,15,TankDishedRoof
3500,27,BlowerGeneric
1996,48,Chimney
3004,36,ThreeWayValveGeneric
2292,34,SignalLine
3578,25,Furnace
3064,10,TankConicalRoofFlatBottom
2040,10,TankConicalRoofFlatBottom
2546,3,ColumnFluidizedBed
2026,2,ThinFilmEvaporator
2641,37,ButterflyValveGeneric
68,7,SprayDryer
199,5,ReactorGeneric
473,4,ValveGeneric
2272,28,ReciprocatingPump
2000,59,AlternateChoiceOrSafetyInstrumentedSystemFrontCentralPanel
3291,55,Burner
3733,51,SieveGeneric
3506,25,Furnace
872,57,CrusherImpactType
1771,39,GateValveHandOperated
602,27,BlowerGeneric
3195,51,SieveGeneric
1967,46,GeneratorGeneric
189,9,CompressorGeneric
3091,13,VesselDishedEndsGeneric
1040,49,RotatingExtruder
2911,55,Burner
3280,58,PrimaryChoiceOrBasicProcessControlSystemFrontCentralPanel
451,59,AlternateChoiceOrSafetyInstrumentedSystemFrontCentralPanel
1234,32,Splitter
329,52,AgitatorGeneric
1107,15,TankDishedRoof
1961,36,ThreeWayValveGeneric
698,19,CoolingTowerGeneric
2735,36,ThreeWayValveGeneric
2431,23,PlateHeatExchanger
2107,35,AngleBallValve
2195,54,AgitatorDisc
801,45,DiscreteFrontCentralPanel
164,53,AgitatorPropeller
3479,34,SignalLine
1118,23,PlateHeatExchanger
284,31,RotaryMixer
1808,51,SieveGeneric
399,41,BallValveGeneric
929,14,GasCylinder
2152,44,DiscreteField
2766,44,DiscreteField
215,0,CentrifugalPump
846,42,GlobeValveGeneric
3181,43,NeedleValve
3251,44,DiscreteField
1535,58,PrimaryChoiceOrBasicProcessControlSystemFrontCentralPanel
955,29,AxialCompressor
1973,44,DiscreteField
3286,56,SolidShellCentrifuge
1488,38,GateValvePneumaticDiaphragm
761,58,PrimaryChoiceOrBasicProcessControlSystemFrontCentralPanel
1773,39,GateValveHandOperated
182,11,Turbine Generic
749,50,GrinderGeneric
506,29,AxialCompressor
1195,45,DiscreteFrontCentralPanel
718,12,VesselGeneric
1028,53,AgitatorPropeller
1832,55,Burner
1756,32,Splitter
1397,8,FilterGeneric
1131,19,CoolingTowerGeneric
1939,31,RotaryMixer
1403,6,HeatExchangerGeneric
3414,8,FilterGeneric
2318,37,ButterflyValveGeneric
580,28,ReciprocatingPump
1666,2,ThinFilmEvaporator
3084,16,ColumnGeneric
1729,29,AxialCompressor
3059,54,AgitatorDisc
3425,4,ValveGeneric
2373,55,Burner
2713,31,RotaryMixer
2454,28,ReciprocatingPump
2727,39,GateValveHandOperated
915,7,SprayDryer
3236,55,Burner
2793,23,PlateHeatExchanger
2063,14,GasCylinder
18,42,GlobeValveGeneric
1146,26,KettleReboiler
3034,2,ThinFilmEvaporator
190,8,FilterGeneric
3287,56,SolidShellCentrifuge
1175,40,CheckValveGeneric
310,46,GeneratorGeneric
2870,21,HeatExchangerGeneric2
836,45,DiscreteFrontCentralPanel
2095,27,BlowerGeneric
29,38,GateValvePneumaticDiaphragm
2826,24,CoilShapedTubes
3638,47,ElectricMotorGeneric
3614,31,RotaryMixer
532,32,Splitter
2846,11,Turbine Generic
3214,20,SeperatorGeneric
909,9,CompressorGeneric
80,15,TankDishedRoof
752,49,RotatingExtruder
2617,33,FlowStream
1490,37,ButterflyValveGeneric
3561,55,Burner
3232,56,SolidShellCentrifuge
1816,48,Chimney
3652,42,GlobeValveGeneric
852,52,AgitatorGeneric
3641,46,GeneratorGeneric
1833,55,Burner
3352,22,FixedStraightTubes
338,49,RotatingExtruder
2032,0,CentrifugalPump
759,59,AlternateChoiceOrSafetyInstrumentedSystemFrontCentralPanel
3386,17,TrayColumnGeneric
2483,30,OPCRight
1244,5,ReactorGeneric
979,33,FlowStream
2061,15,TankDishedRoof
2404,8,FilterGeneric
2667,53,AgitatorPropeller
1718,21,HeatExchangerGeneric2
1650,20,SeperatorGeneric
3707,48,Chimney
1553,40,CheckValveGeneric
968,25,Furnace
218,17,TrayColumnGeneric
331,51,SieveGeneric
540,30,OPCRight
1934,33,FlowStream
727,21,HeatExchangerGeneric2
507,29,AxialCompressor
2993,40,CheckValveGeneric
2390,1,PumpGeneric
743,52,AgitatorGeneric
557,12,VesselGeneric
2909,56,SolidShellCentrifuge
3336,28,ReciprocatingPump
786,38,GateValvePneumaticDiaphragm
3216,20,SeperatorGeneric
81,15,TankDishedRoof
2857,7,SprayDryer
1486,38,GateValvePneumaticDiaphragm
3194,51,SieveGeneric
3507,25,Furnace
1547,54,AgitatorDisc
974,35,AngleBallValve
1570,46,GeneratorGeneric
2596,28,ReciprocatingPump
3198,50,GrinderGeneric
774,54,AgitatorDisc
2555,0,CentrifugalPump
3704,49,RotatingExtruder
1766,41,BallValveGeneric
2297,32,Splitter
228,14,GasCylinder
3191,52,AgitatorGeneric
1788,46,GeneratorGeneric
122,25,Furnace
1363,55,Burner
3759,49,RotatingExtruder
2676,50,GrinderGeneric
1658,5,ReactorGeneric
2096,27,BlowerGeneric
2764,44,DiscreteField
2198,5,ReactorGeneric
1914,28,ReciprocatingPump
3434,1,PumpGeneric
2041,9,CompressorGeneric
3709,35,AngleBallValve
2435,22,FixedStraightTubes
2408,7,SprayDryer
2442,20,SeperatorGeneric
1258,0,CentrifugalPump
2240,15,TankDishedRoof
2269,29,AxialCompressor
1238,31,RotaryMixer
1034,51,SieveGeneric
2323,47,ElectricMotorGeneric
1998,48,Chimney
119,26,KettleReboiler
2527,51,SieveGeneric
2413,17,TrayColumnGeneric
1505,44,DiscreteField
1611,33,FlowStream
3455,18,ColumnFixedBed
1959,37,ButterflyValveGeneric
1480,40,CheckValveGeneric
3009,11,Turbine Generic
318,44,DiscreteField
3335,28,ReciprocatingPump
2388,2,ThinFilmEvaporator
3467,14,GasCylinder
1948,40,CheckValveGeneric
2981,44,DiscreteField
327,53,AgitatorPropeller
3210,22,FixedStraightTubes
1293,13,VesselDishedEndsGeneric
1418,37,ButterflyValveGeneric
2497,37,ButterflyValveGeneric
1787,46,GeneratorGeneric
2179,59,AlternateChoiceOrSafetyInstrumentedSystemFrontCentralPanel
3519,45,DiscreteFrontCentralPanel
1757,32,Splitter
873,57,CrusherImpactType
3185,42,GlobeValveGeneric
1197,45,DiscreteFrontCentralPanel
1398,8,FilterGeneric
1642,22,FixedStraightTubes
2594,29,AxialCompressor
2105,24,CoilShapedTubes
1556,39,GateValveHandOperated
3089,14,GasCylinder
2108,35,AngleBallValve
2869,21,HeatExchangerGeneric2
1880,15,TankDishedRoof
582,28,ReciprocatingPump
1340,57,CrusherImpactType
2159,42,GlobeValveGeneric
2683,59,AlternateChoiceOrSafetyInstrumentedSystemFrontCentralPanel
2721,41,BallValveGeneric
1544,55,Burner
1154,35,AngleBallValve
1484,39,GateValveHandOperated
2254,22,FixedStraightTubes
2689,57,CrusherImpactType
1166,31,RotaryMixer
2867,22,FixedStraightTubes
2702,35,AngleBallValve
208,2,ThinFilmEvaporator
3196,50,GrinderGeneric
350,57,CrusherImpactType
3255,43,NeedleValve
1289,14,GasCylinder
3534,40,CheckValveGeneric
789,37,ButterflyValveGeneric
2714,31,RotaryMixer
5,46,GeneratorGeneric
627,31,RotaryMixer
1039,49,RotatingExtruder
2005,57,CrusherImpactType
3070,8,FilterGeneric
1410,40,CheckValveGeneric
3686,7,SprayDryer
2081,20,SeperatorGeneric
2587,19,CoolingTowerGeneric
3631,37,ButterflyValveGeneric
219,17,TrayColumnGeneric
2798,21,HeatExchangerGeneric2
1127,20,SeperatorGeneric
50,1,PumpGeneric
1158,34,SignalLine
353,56,SolidShellCentrifuge
3750,52,AgitatorGeneric
981,33,FlowStream
3174,46,GeneratorGeneric
1279,17,TrayColumnGeneric
3681,9,CompressorGeneric
3564,54,AgitatorDisc
1434,44,DiscreteField
2522,53,AgitatorPropeller
652,10,TankConicalRoofFlatBottom
1487,38,GateValvePneumaticDiaphragm
2866,22,FixedStraightTubes
3675,11,Turbine Generic
1288,14,GasCylinder
64,8,FilterGeneric
2255,22,FixedStraightTubes
3703,49,RotatingExtruder
1721,20,SeperatorGeneric
635,4,ValveGeneric
88,12,VesselGeneric
1076,1,PumpGeneric
1391,10,TankConicalRoofFlatBottom
152,57,CrusherImpactType
3691,53,AgitatorPropeller
2738,35,AngleBallValve
1262,11,Turbine Generic
2960,51,SieveGeneric
2784,26,KettleReboiler
150,58,PrimaryChoiceOrBasicProcessControlSystemFrontCentralPanel
3687,7,SprayDryer
3572,27,BlowerGeneric
253,29,AxialCompressor
296,39,GateValveHandOperated
2611,35,AngleBallValve
2004,58,PrimaryChoiceOrBasicProcessControlSystemFrontCentralPanel
3037,1,PumpGeneric
1698,16,ColumnGeneric
2271,29,AxialCompressor
3535,39,GateValveHandOperated
1083,11,Turbine Generic
1210,28,ReciprocatingPump
1992,50,GrinderGeneric
889,3,ColumnFluidizedBed
645,1,PumpGeneric
380,11,Turbine Generic
116,27,BlowerGeneric
2795,22,FixedStraightTubes
527,34,SignalLine
1545,55,Burner
51,1,PumpGeneric
2088,18,ColumnFixedBed
1903,19,CoolingTowerGeneric
3475,35,AngleBallValve
754,48,Chimney
2298,32,Splitter
528,34,SignalLine
1451,2,ThinFilmEvaporator
668,17,TrayColumnGeneric
3395,14,GasCylinder
3658,4,ValveGeneric
2763,45,DiscreteFrontCentralPanel
3667,1,PumpGeneric
1161,33,FlowStream
2812,28,ReciprocatingPump
1912,28,ReciprocatingPump
7,45,DiscreteFrontCentralPanel
3326,37,ButterflyValveGeneric
3019,7,SprayDryer
1575,45,DiscreteFrontCentralPanel
17,42,GlobeValveGeneric
1014,46,GeneratorGeneric
2455,27,BlowerGeneric
839,44,DiscreteField
3730,52,AgitatorGeneric
2808,18,ColumnFixedBed
3139,33,FlowStream
110,29,AxialCompressor
1342,56,SolidShellCentrifuge
9,45,DiscreteFrontCentralPanel
803,44,DiscreteField
1695,17,TrayColumnGeneric
2686,58,PrimaryChoiceOrBasicProcessControlSystemFrontCentralPanel
2492,39,GateValveHandOperated
129,35,AngleBallValve
372,2,ThinFilmEvaporator
1831,55,Burner
3409,9,CompressorGeneric
3087,15,TankDishedRoof
2470,34,SignalLine
439,51,SieveGeneric
2366,57,CrusherImpactType
2070,12,VesselGeneric
211,1,PumpGeneric
2057,16,ColumnGeneric
615,35,AngleBallValve
74,17,TrayColumnGeneric
2578,22,FixedStraightTubes
2021,4,ValveGeneric
3211,21,HeatExchangerGeneric2
3650,43,NeedleValve
3242,47,ElectricMotorGeneric
924,16,ColumnGeneric
4,46,GeneratorGeneric
2147,46,GeneratorGeneric
2509,45,DiscreteFrontCentralPanel
3321,39,GateValveHandOperated
292,40,CheckValveGeneric
848,53,AgitatorPropeller
2563,15,TankDishedRoof
3271,37,ButterflyValveGeneric
102,20,SeperatorGeneric
1830,56,SolidShellCentrifuge
2348,51,SieveGeneric
2464,24,CoilShapedTubes
1265,10,TankConicalRoofFlatBottom
3121,27,BlowerGeneric
720,12,VesselGeneric
3333,29,AxialCompressor
2538,48,Chimney
1541,56,SolidShellCentrifuge
2138,37,ButterflyValveGeneric
829,47,ElectricMotorGeneric
448,48,Chimney
1447,3,ColumnFluidizedBed
2223,9,CompressorGeneric
1098,6,HeatExchangerGeneric
35,36,ThreeWayValveGeneric
629,30,OPCRight
844,42,GlobeValveGeneric
1147,25,Furnace
1012,46,GeneratorGeneric
3596,49,RotatingExtruder
1016,45,DiscreteFrontCentralPanel
43,3,ColumnFluidizedBed
1719,21,HeatExchangerGeneric2
1954,38,GateValvePneumaticDiaphragm
3334,28,ReciprocatingPump
2052,6,HeatExchangerGeneric
386,9,CompressorGeneric
328,52,AgitatorGeneric
2196,54,AgitatorDisc
24,40,CheckValveGeneric
2410,6,HeatExchangerGeneric
1222,24,CoilShapedTubes
105,19,CoolingTowerGeneric
443,50,GrinderGeneric
174,50,GrinderGeneric
1465,9,CompressorGeneric
805,43,NeedleValve
1916,27,BlowerGeneric
748,50,GrinderGeneric
1525,49,RotatingExtruder
3787,9,CompressorGeneric
1176,40,CheckValveGeneric
2351,50,GrinderGeneric
2368,56,SolidShellCentrifuge
172,50,GrinderGeneric
3177,45,DiscreteFrontCentralPanel
643,1,PumpGeneric
2160,42,GlobeValveGeneric
3748,52,AgitatorGeneric
1844,3,ColumnFluidizedBed
2803,19,CoolingTowerGeneric
1665,3,ColumnFluidizedBed
3072,8,FilterGeneric
2054,17,TrayColumnGeneric
176,49,RotatingExtruder
2217,11,Turbine Generic
2386,2,ThinFilmEvaporator
3224,59,AlternateChoiceOrSafetyInstrumentedSystemFrontCentralPanel
1599,25,Furnace
1070,3,ColumnFluidizedBed
1048,58,PrimaryChoiceOrBasicProcessControlSystemFrontCentralPanel
1128,20,SeperatorGeneric
847,53,AgitatorPropeller
2325,47,ElectricMotorGeneric
1555,39,GateValveHandOperated
2210,1,PumpGeneric
764,57,CrusherImpactType
3133,35,AngleBallValve
993,41,BallValveGeneric
3412,8,FilterGeneric
2111,34,SignalLine
1649,20,SeperatorGeneric
3508,24,CoilShapedTubes
1061,54,AgitatorDisc
1789,45,DiscreteFrontCentralPanel
590,25,Furnace
3729,53,AgitatorPropeller
3068,9,CompressorGeneric
2622,32,Splitter
1524,50,GrinderGeneric
2591,18,ColumnFixedBed
1075,1,PumpGeneric
2478,32,Splitter
692,21,HeatExchangerGeneric2
856,50,GrinderGeneric
1523,50,GrinderGeneric
3200,49,RotatingExtruder
2758,46,GeneratorGeneric
637,3,ColumnFluidizedBed
724,22,FixedStraightTubes
1640,23,PlateHeatExchanger
952,18,ColumnFixedBed
1310,19,CoolingTowerGeneric
1314,18,ColumnFixedBed
1416,38,GateValvePneumaticDiaphragm
3197,50,GrinderGeneric
1272,8,FilterGeneric
3662,3,ColumnFluidizedBed
1913,28,ReciprocatingPump
3422,5,ReactorGeneric
351,57,CrusherImpactType
1472,7,SprayDryer
2514,44,DiscreteField
1949,40,CheckValveGeneric
1820,59,AlternateChoiceOrSafetyInstrumentedSystemFrontCentralPanel
1331,48,Chimney
3735,51,SieveGeneric
2883,17,TrayColumnGeneric
67,7,SprayDryer
1747,35,AngleBallValve
457,57,CrusherImpactType
1812,50,GrinderGeneric
3128,25,Furnace
2929,7,SprayDryer
2950,0,CentrifugalPump
1839,5,ReactorGeneric
1951,39,GateValveHandOperated
2235,17,TrayColumnGeneric
1557,39,GateValveHandOperated
1312,18,ColumnFixedBed
1256,1,PumpGeneric
3268,38,GateValvePneumaticDiaphragm
658,8,FilterGeneric
146,59,AlternateChoiceOrSafetyInstrumentedSystemFrontCentralPanel
1346,55,Burner
3510,24,CoilShapedTubes
2572,12,VesselGeneric
3028,4,ValveGeneric
2212,0,CentrifugalPump
3235,55,Burner
1450,2,ThinFilmEvaporator
2268,18,ColumnFixedBed
3424,4,ValveGeneric
76,16,ColumnGeneric
3113,18,ColumnFixedBed
3657,5,ReactorGeneric
880,54,AgitatorDisc
893,2,ThinFilmEvaporator
3823,3,ColumnFluidizedBed
2097,27,BlowerGeneric
1999,59,AlternateChoiceOrSafetyInstrumentedSystemFrontCentralPanel
3392,15,TankDishedRoof
2382,4,ValveGeneric
3153,41,BallValveGeneric
2463,25,Furnace
1538,57,CrusherImpactType
3096,12,VesselGeneric
1527,49,RotatingExtruder
2211,1,PumpGeneric
1752,34,SignalLine
130,34,SignalLine
3347,24,CoilShapedTubes
3187,53,AgitatorPropeller
1957,37,ButterflyValveGeneric
1476,6,HeatExchangerGeneric
2967,49,RotatingExtruder
2393,0,CentrifugalPump
1917,27,BlowerGeneric
179,48,Chimney
3726,30,OPCRight
821,38,GateValvePneumaticDiaphragm
661,7,SprayDryer
118,26,KettleReboiler
1141,27,BlowerGeneric
1921,25,Furnace
1581,43,NeedleValve
831,47,ElectricMotorGeneric
2451,29,AxialCompressor
159,55,Burner
91,23,PlateHeatExchanger
1497,47,ElectricMotorGeneric
2895,13,VesselDishedEndsGeneric
2576,23,PlateHeatExchanger
1878,16,ColumnGeneric
1470,8,FilterGeneric
3702,50,GrinderGeneric
2239,15,TankDishedRoof
2183,58,PrimaryChoiceOrBasicProcessControlSystemFrontCentralPanel
27,39,GateValveHandOperated
3773,56,SolidShellCentrifuge
2838,14,GasCylinder
2515,43,NeedleValve
3325,37,ButterflyValveGeneric
1021,43,NeedleValve
3706,48,Chimney
392,7,SprayDryer
1255,1,PumpGeneric
2392,0,CentrifugalPump
1073,2,ThinFilmEvaporator
1849,1,PumpGeneric
2813,28,ReciprocatingPump
1219,25,Furnace
2710,32,Splitter
323,42,GlobeValveGeneric
669,17,TrayColumnGeneric
263,26,KettleReboiler
2900,59,AlternateChoiceOrSafetyInstrumentedSystemFrontCentralPanel
3323,38,GateValvePneumaticDiaphragm
517,25,Furnace
1520,51,SieveGeneric
3693,53,AgitatorPropeller
837,45,DiscreteFrontCentralPanel
3758,49,RotatingExtruder
1568,47,ElectricMotorGeneric
2313,39,GateValveHandOperated
1760,31,RotaryMixer
2405,8,FilterGeneric
746,51,SieveGeneric
3126,26,KettleReboiler
1564,36,ThreeWayValveGeneric
1343,56,SolidShellCentrifuge
1035,51,SieveGeneric
1443,5,ReactorGeneric
2761,45,DiscreteFrontCentralPanel
2085,19,CoolingTowerGeneric
170,51,SieveGeneric
1962,36,ThreeWayValveGeneric
3568,28,ReciprocatingPump
3413,8,FilterGeneric
896,1,PumpGeneric
1834,54,AgitatorDisc
403,39,GateValveHandOperated
2112,34,SignalLine
3800,53,AgitatorPropeller
947,20,SeperatorGeneric
1280,17,TrayColumnGeneric
1670,1,PumpGeneric
173,50,GrinderGeneric
3515,46,GeneratorGeneric
560,23,PlateHeatExchanger
2415,17,TrayColumnGeneric
111,29,AxialCompressor
1260,0,CentrifugalPump
1895,22,FixedStraightTubes
3265,39,GateValveHandOperated
2103,25,Furnace
609,25,Furnace
1790,45,DiscreteFrontCentralPanel
2250,12,VesselGeneric
2153,44,DiscreteField
3234,56,SolidShellCentrifuge
2724,40,CheckValveGeneric
411,37,ButterflyValveGeneric
3802,52,AgitatorGeneric
1286,15,TankDishedRoof
3470,13,VesselDishedEndsGeneric
1193,46,GeneratorGeneric
1000,38,GateValvePneumaticDiaphragm
2261,20,SeperatorGeneric
2659,43,NeedleValve
2199,5,ReactorGeneric
862,48,Chimney
2201,4,ValveGeneric
2742,34,SignalLine
1628,15,TankDishedRoof
1887,13,VesselDishedEndsGeneric
223,15,TankDishedRoof
1685,8,FilterGeneric
3152,41,BallValveGeneric
3776,55,Burner
1868,7,SprayDryer
285,31,RotaryMixer
1739,26,KettleReboiler
432,42,GlobeValveGeneric
2776,28,ReciprocatingPump
578,29,AxialCompressor
1932,34,SignalLine
1330,48,Chimney
2770,42,GlobeValveGeneric
2972,47,ElectricMotorGeneric
1177,39,GateValveHandOperated
3440,23,PlateHeatExchanger
2824,24,CoilShapedTubes
1137,29,AxialCompressor
1438,42,GlobeValveGeneric
960,28,ReciprocatingPump
531,33,FlowStream
1463,10,TankConicalRoofFlatBottom
2880,18,ColumnFixedBed
2472,34,SignalLine
2128,40,CheckValveGeneric
3379,13,VesselDishedEndsGeneric
1924,24,CoilShapedTubes
1,47,ElectricMotorGeneric
1864,8,FilterGeneric
2243,14,GasCylinder
3468,14,GasCylinder
3375,15,TankDishedRoof
3495,29,AxialCompressor
2034,0,CentrifugalPump
596,29,AxialCompressor
1469,8,FilterGeneric
667,17,TrayColumnGeneric
3701,50,GrinderGeneric
3476,35,AngleBallValve
3529,41,BallValveGeneric
2027,2,ThinFilmEvaporator
2734,36,ThreeWayValveGeneric
2788,24,CoilShapedTubes
3209,22,FixedStraightTubes
673,15,TankDishedRoof
612,24,CoilShapedTubes
2850,10,TankConicalRoofFlatBottom
462,56,SolidShellCentrifuge
2473,33,FlowStream
3460,16,ColumnGeneric
1217,26,KettleReboiler
1408,40,CheckValveGeneric
312,46,GeneratorGeneric
797,46,GeneratorGeneric
2550,2,ThinFilmEvaporator
2412,6,HeatExchangerGeneric
1769,40,CheckValveGeneric
2739,35,AngleBallValve
1013,46,GeneratorGeneric
1659,5,ReactorGeneric
2187,57,CrusherImpactType
1514,53,AgitatorPropeller
971,24,CoilShapedTubes
270,24,CoilShapedTubes
2962,50,GrinderGeneric
3731,52,AgitatorGeneric
3819,5,ReactorGeneric
512,27,BlowerGeneric
3161,38,GateValvePneumaticDiaphragm
294,40,CheckValveGeneric
2928,8,FilterGeneric
3684,8,FilterGeneric
1565,36,ThreeWayValveGeneric
1157,34,SignalLine
1369,5,ReactorGeneric
825,37,ButterflyValveGeneric
2934,6,HeatExchangerGeneric
956,29,AxialCompressor
3215,20,SeperatorGeneric
514,26,KettleReboiler
1320,52,AgitatorGeneric
1437,43,NeedleValve
1730,29,AxialCompressor
2258,21,HeatExchangerGeneric2
1635,13,VesselDishedEndsGeneric
3045,59,AlternateChoiceOrSafetyInstrumentedSystemFrontCentralPanel
98,21,HeatExchangerGeneric2
1387,11,Turbine Generic
616,34,SignalLine
262,26,KettleReboiler
2725,39,GateValveHandOperated
2609,24,CoilShapedTubes
2465,24,CoilShapedTubes
3423,5,ReactorGeneric
3366,18,ColumnFixedBed
1936,32,Splitter
877,55,Burner
1382,1,PumpGeneric
231,13,VesselDishedEndsGeneric
618,34,SignalLine
1512,42,GlobeValveGeneric
2994,40,CheckValveGeneric
1626,16,ColumnGeneric
3170,47,ElectricMotorGeneric
3678,10,TankConicalRoofFlatBottom
1430,45,DiscreteFrontCentralPanel
1334,59,AlternateChoiceOrSafetyInstrumentedSystemFrontCentralPanel
3114,18,ColumnFixedBed
2624,31,RotaryMixer
1892,23,PlateHeatExchanger
1711,23,PlateHeatExchanger
95,22,FixedStraightTubes
368,3,ColumnFluidizedBed
934,12,VesselGeneric
3757,49,RotatingExtruder
2844,12,VesselGeneric
2291,34,SignalLine
2552,1,PumpGeneric
1740,26,KettleReboiler
2545,3,ColumnFluidizedBed
2985,43,NeedleValve
651,11,Turbine Generic
2136,38,GateValvePneumaticDiaphragm
2593,29,AxialCompressor
1667,2,ThinFilmEvaporator
486,0,CentrifugalPump
2440,20,SeperatorGeneric
1299,23,PlateHeatExchanger
3492,30,OPCRight
2712,32,Splitter
678,14,GasCylinder
374,1,PumpGeneric
657,9,CompressorGeneric
1384,0,CentrifugalPump
1582,42,GlobeValveGeneric
2941,3,ColumnFluidizedBed
2182,58,PrimaryChoiceOrBasicProcessControlSystemFrontCentralPanel
3420,6,HeatExchangerGeneric
1240,30,OPCRight
1923,25,Furnace
1778,37,ButterflyValveGeneric
2645,36,ThreeWayValveGeneric
2265,19,CoolingTowerGeneric
166,52,AgitatorGeneric
452,59,AlternateChoiceOrSafetyInstrumentedSystemFrontCentralPanel
2834,15,TankDishedRoof
1601,24,CoilShapedTubes
3158,39,GateValveHandOperated
2339,42,GlobeValveGeneric
2598,28,ReciprocatingPump
2042,9,CompressorGeneric
822,38,GateValvePneumaticDiaphragm
3164,37,ButterflyValveGeneric
379,11,Turbine Generic
134,33,FlowStream
3432,2,ThinFilmEvaporator
3106,20,SeperatorGeneric
851,52,AgitatorGeneric
1481,40,CheckValveGeneric
642,2,ThinFilmEvaporator
2200,4,ValveGeneric
2033,0,CentrifugalPump
483,1,PumpGeneric
2942,3,ColumnFluidizedBed
1097,6,HeatExchangerGeneric
3407,10,TankConicalRoofFlatBottom
2376,54,AgitatorDisc
1510,42,GlobeValveGeneric
257,28,ReciprocatingPump
3627,39,GateValveHandOperated
734,19,CoolingTowerGeneric
3258,42,GlobeValveGeneric
175,49,RotatingExtruder
1569,47,ElectricMotorGeneric
1536,58,PrimaryChoiceOrBasicProcessControlSystemFrontCentralPanel
2214,0,CentrifugalPump
3308,43,NeedleValve
883,5,ReactorGeneric
62,9,CompressorGeneric
1958,37,ButterflyValveGeneric
214,0,CentrifugalPump
3405,11,Turbine Generic
1605,35,AngleBallValve
125,24,CoilShapedTubes
123,25,Furnace
3099,23,PlateHeatExchanger
3178,44,DiscreteField
1883,14,GasCylinder
2192,55,Burner
2606,25,Furnace
1576,44,DiscreteField
2711,32,Splitter
3340,26,KettleReboiler
611,24,CoilShapedTubes
87,13,VesselDishedEndsGeneric
2193,55,Burner
1074,2,ThinFilmEvaporator
3604,34,SignalLine
3516,46,GeneratorGeneric
1842,4,ValveGeneric
3042,0,CentrifugalPump
1204,42,GlobeValveGeneric
3341,26,KettleReboiler
838,44,DiscreteField
1468,8,FilterGeneric
137,32,Splitter
437,52,AgitatorGeneric
2600,27,BlowerGeneric
1245,5,ReactorGeneric
833,46,GeneratorGeneric
1969,45,DiscreteFrontCentralPanel
2691,57,CrusherImpactType
1440,42,GlobeValveGeneric
1102,16,ColumnGeneric
804,44,DiscreteField
3312,42,GlobeValveGeneric
3699,51,SieveGeneric
744,52,AgitatorGeneric
459,57,CrusherImpactType
3053,56,SolidShellCentrifuge
1869,7,SprayDryer
870,58,PrimaryChoiceOrBasicProcessControlSystemFrontCentralPanel
843,43,NeedleValve
2349,51,SieveGeneric
1988,51,SieveGeneric
2273,28,ReciprocatingPump
3357,21,HeatExchangerGeneric2
2874,20,SeperatorGeneric
1800,42,GlobeValveGeneric
570,20,SeperatorGeneric
2697,55,Burner
2378,5,ReactorGeneric
579,29,AxialCompressor
3472,12,VesselGeneric
3256,42,GlobeValveGeneric
3102,22,FixedStraightTubes
1875,17,TrayColumnGeneric
1745,24,CoilShapedTubes
3522,44,DiscreteField
1714,22,FixedStraightTubes
3110,19,CoolingTowerGeneric
1736,27,BlowerGeneric
1224,24,CoilShapedTubes
2209,1,PumpGeneric
156,56,SolidShellCentrifuge
2165,52,AgitatorGeneric
1257,1,PumpGeneric
1784,47,ElectricMotorGeneric
470,5,ReactorGeneric
2583,21,HeatExchangerGeneric2
2525,52,AgitatorGeneric
2937,5,ReactorGeneric
3388,16,ColumnGeneric
71,6,HeatExchangerGeneric
1660,4,ValveGeneric
2944,2,ThinFilmEvaporator
811,41,BallValveGeneric
3795,7,SprayDryer
921,17,TrayColumnGeneric
3071,8,FilterGeneric
3635,36,ThreeWayValveGeneric
3098,23,PlateHeatExchanger
3763,59,AlternateChoiceOrSafetyInstrumentedSystemFrontCentralPanel
2324,47,ElectricMotorGeneric
2238,16,ColumnGeneric
705,17,TrayColumnGeneric
3648,44,DiscreteField
234,12,VesselGeneric
2868,22,FixedStraightTubes
1750,34,SignalLine
2559,17,TrayColumnGeneric
1169,30,OPCRight
2358,48,Chimney
1372,4,ValveGeneric
2364,58,PrimaryChoiceOrBasicProcessControlSystemFrontCentralPanel
3625,39,GateValveHandOperated
2560,16,ColumnGeneric
987,31,RotaryMixer
3446,21,HeatExchangerGeneric2
1425,47,ElectricMotorGeneric
2877,19,CoolingTowerGeneric
1385,0,CentrifugalPump
8,45,DiscreteFrontCentralPanel
2935,5,ReactorGeneric
3498,28,ReciprocatingPump
2646,36,ThreeWayValveGeneric
3172,46,GeneratorGeneric
1080,0,CentrifugalPump
1835,54,AgitatorDisc
1379,2,ThinFilmEvaporator
3331,29,AxialCompressor
2939,4,ValveGeneric
3348,24,CoilShapedTubes
3674,11,Turbine Generic
2634,40,CheckValveGeneric
2488,40,CheckValveGeneric
3118,28,ReciprocatingPump
2921,10,TankConicalRoofFlatBottom
1009,47,ElectricMotorGeneric
2135,38,GateValvePneumaticDiaphragm
2968,48,Chimney
3103,21,HeatExchangerGeneric2
2526,52,AgitatorGeneric
2690,57,CrusherImpactType
3157,39,GateValveHandOperated
3142,32,Splitter
2632,40,CheckValveGeneric
2295,33,FlowStream
930,14,GasCylinder
2329,45,DiscreteFrontCentralPanel
120,26,KettleReboiler
1392,10,TankConicalRoofFlatBottom
395,6,HeatExchangerGeneric
1625,16,ColumnGeneric
2126,41,BallValveGeneric
766,56,SolidShellCentrifuge
1623,17,TrayColumnGeneric
2566,14,GasCylinder
1461,11,Turbine Generic
3212,21,HeatExchangerGeneric2
307,47,ElectricMotorGeneric
1661,4,ValveGeneric
3741,49,RotatingExtruder
913,7,SprayDryer
984,32,Splitter
3093,13,VesselDishedEndsGeneric
794,47,ElectricMotorGeneric
3220,18,ColumnFixedBed
367,3,ColumnFluidizedBed
3780,54,AgitatorDisc
3713,34,SignalLine
3246,46,GeneratorGeneric
2656,44,DiscreteField
3552,58,PrimaryChoiceOrBasicProcessControlSystemFrontCentralPanel
3626,39,GateValveHandOperated
3104,21,HeatExchangerGeneric2
1980,42,GlobeValveGeneric
3745,53,AgitatorPropeller
1399,7,SprayDryer
864,48,Chimney
2782,26,KettleReboiler
927,15,TankDishedRoof
1081,11,Turbine Generic
3032,3,ColumnFluidizedBed
2123,30,OPCRight
2682,48,Chimney
763,57,CrusherImpactType
3343,25,Furnace
554,13,VesselDishedEndsGeneric
2142,36,ThreeWayValveGeneric
3581,24,CoilShapedTubes
1211,28,ReciprocatingPump
2532,50,GrinderGeneric
641,2,ThinFilmEvaporator
3642,46,GeneratorGeneric
2642,37,ButterflyValveGeneric
1442,5,ReactorGeneric
3281,58,PrimaryChoiceOrBasicProcessControlSystemFrontCentralPanel
745,51,SieveGeneric
827,36,ThreeWayValveGeneric
1223,24,CoilShapedTubes
799,45,DiscreteFrontCentralPanel
2908,56,SolidShellCentrifuge
703,17,TrayColumnGeneric
1803,53,AgitatorPropeller
3583,53,AgitatorPropeller
1709,12,VesselGeneric
2321,36,ThreeWayValveGeneric
3548,59,AlternateChoiceOrSafetyInstrumentedSystemFrontCentralPanel
177,49,RotatingExtruder
1065,5,ReactorGeneric
2421,15,TankDishedRoof
1354,58,PrimaryChoiceOrBasicProcessControlSystemFrontCentralPanel
1598,25,Furnace
1960,36,ThreeWayValveGeneric
1341,57,CrusherImpactType
1402,6,HeatExchangerGeneric
276,34,SignalLine
239,22,FixedStraightTubes
1103,16,ColumnGeneric
2957,52,AgitatorGeneric
2996,39,GateValveHandOperated
1977,43,NeedleValve
991,41,BallValveGeneric
232,12,VesselGeneric
522,24,CoilShapedTubes
841,43,NeedleValve
2144,47,ElectricMotorGeneric
2762,45,DiscreteFrontCentralPanel
2024,3,ColumnFluidizedBed
2914,54,AgitatorDisc
37,5,ReactorGeneric
2014,54,AgitatorDisc
484,0,CentrifugalPump
2482,30,OPCRight
491,10,TankConicalRoofFlatBottom
169,51,SieveGeneric
1148,25,Furnace
964,26,KettleReboiler
2102,25,Furnace
943,21,HeatExchangerGeneric2
1631,14,GasCylinder
1791,45,DiscreteFrontCentralPanel
690,22,FixedStraightTubes
2074,22,FixedStraightTubes
529,33,FlowStream
1701,15,TankDishedRoof
1764,30,OPCRight
1848,2,ThinFilmEvaporator
1045,59,AlternateChoiceOrSafetyInstrumentedSystemFrontCentralPanel
1225,35,AngleBallValve
56,11,Turbine Generic
2772,42,GlobeValveGeneric
543,17,TrayColumnGeneric
3160,38,GateValvePneumaticDiaphragm
3351,23,PlateHeatExchanger
2680,48,Chimney
2791,23,PlateHeatExchanger
654,10,TankConicalRoofFlatBottom
730,20,SeperatorGeneric
474,4,ValveGeneric
958,28,ReciprocatingPump
1428,46,GeneratorGeneric
828,36,ThreeWayValveGeneric
1370,5,ReactorGeneric
1448,3,ColumnFluidizedBed
791,36,ThreeWayValveGeneric
343,59,AlternateChoiceOrSafetyInstrumentedSystemFrontCentralPanel
771,55,Burner
735,19,CoolingTowerGeneric
477,3,ColumnFluidizedBed
1772,39,GateValveHandOperated
1777,37,ButterflyValveGeneric
3555,57,CrusherImpactType
1057,55,Burner
1129,19,CoolingTowerGeneric
1361,56,SolidShellCentrifuge
830,47,ElectricMotorGeneric
649,11,Turbine Generic
3580,24,CoilShapedTubes
3609,33,FlowStream
1592,27,BlowerGeneric
1735,27,BlowerGeneric
1453,1,PumpGeneric
541,17,TrayColumnGeneric
2884,16,ColumnGeneric
148,58,PrimaryChoiceOrBasicProcessControlSystemFrontCentralPanel
298,38,GateValvePneumaticDiaphragm
2842,12,VesselGeneric
1530,48,Chimney
254,29,AxialCompressor
3616,30,OPCRight
925,15,TankDishedRoof
2820,26,KettleReboiler
1513,53,AgitatorPropeller
2670,52,AgitatorGeneric
777,41,BallValveGeneric
550,14,GasCylinder
886,4,ValveGeneric
3007,11,Turbine Generic
3751,51,SieveGeneric
584,27,BlowerGeneric
3536,39,GateValveHandOperated
3,47,ElectricMotorGeneric
433,53,AgitatorPropeller
2717,30,OPCRight
3156,40,CheckValveGeneric
2913,55,Burner
3030,4,ValveGeneric
2816,27,BlowerGeneric
2092,28,ReciprocatingPump
243,21,HeatExchangerGeneric2
75,17,TrayColumnGeneric
1089,9,CompressorGeneric
226,14,GasCylinder
3743,48,Chimney
401,40,CheckValveGeneric
988,30,OPCRight
3830,1,PumpGeneric
2434,22,FixedStraightTubes
2344,52,AgitatorGeneric
420,46,GeneratorGeneric
2946,2,ThinFilmEvaporator
562,22,FixedStraightTubes
2619,33,FlowStream
2158,42,GlobeValveGeneric
1522,50,GrinderGeneric
183,11,Turbine Generic
3109,19,CoolingTowerGeneric
1731,29,AxialCompressor
342,48,Chimney
465,55,Burner
83,14,GasCylinder
2830,16,ColumnGeneric
104,19,CoolingTowerGeneric
2732,37,ButterflyValveGeneric
256,28,ReciprocatingPump
2817,27,BlowerGeneric
2117,32,Splitter
1187,36,ThreeWayValveGeneric
3524,43,NeedleValve
3582,24,CoilShapedTubes
1612,32,Splitter
1829,56,SolidShellCentrifuge
1927,35,AngleBallValve
2093,28,ReciprocatingPump
2854,8,FilterGeneric
2036,11,Turbine Generic
2747,32,Splitter
2979,45,DiscreteFrontCentralPanel
2253,23,PlateHeatExchanger
2177,48,Chimney
3339,27,BlowerGeneric
2342,53,AgitatorPropeller
3509,24,CoilShapedTubes
2573,12,VesselGeneric
1159,33,FlowStream
928,14,GasCylinder
1799,42,GlobeValveGeneric
900,0,CentrifugalPump
1856,11,Turbine Generic
2251,23,PlateHeatExchanger
3239,54,AgitatorDisc
731,20,SeperatorGeneric
2493,39,GateValveHandOperated
1694,17,TrayColumnGeneric
271,35,AngleBallValve
1266,10,TankConicalRoofFlatBottom
1964,47,ElectricMotorGeneric
258,28,ReciprocatingPump
1712,23,PlateHeatExchanger
131,34,SignalLine
973,35,AngleBallValve
1393,9,CompressorGeneric
1110,14,GasCylinder
2778,28,ReciprocatingPump
388,8,FilterGeneric
588,26,KettleReboiler
3017,8,FilterGeneric
907,9,CompressorGeneric
3532,40,CheckValveGeneric
1349,54,AgitatorDisc
3493,29,AxialCompressor
628,30,OPCRight
3022,6,HeatExchangerGeneric
3134,35,AngleBallValve
2294,33,FlowStream
3444,22,FixedStraightTubes
3298,46,GeneratorGeneric
90,12,VesselGeneric
1298,23,PlateHeatExchanger
2166,52,AgitatorGeneric
1560,38,GateValvePneumaticDiaphragm
450,48,Chimney
2429,12,VesselGeneric
264,26,KettleReboiler
3399,13,VesselDishedEndsGeneric
605,26,KettleReboiler
2607,25,Furnace
2336,43,NeedleValve
2334,44,DiscreteField
1041,49,RotatingExtruder
441,51,SieveGeneric
1079,0,CentrifugalPump
3682,8,FilterGeneric
299,38,GateValvePneumaticDiaphragm
3088,14,GasCylinder
153,57,CrusherImpactType
1091,8,FilterGeneric
10,44,DiscreteField
3129,25,Furnace
3813,49,RotatingExtruder
1462,10,TankConicalRoofFlatBottom
1819,59,AlternateChoiceOrSafetyInstrumentedSystemFrontCentralPanel
3565,29,AxialCompressor
449,48,Chimney
1616,31,RotaryMixer
2991,41,BallValveGeneric
606,26,KettleReboiler
989,30,OPCRight
1284,16,ColumnGeneric
548,15,TankDishedRoof
2150,45,DiscreteFrontCentralPanel
3464,15,TankDishedRoof
2612,35,AngleBallValve
458,57,CrusherImpactType
2649,47,ElectricMotorGeneric
97,21,HeatExchangerGeneric2
671,16,ColumnGeneric
2073,23,PlateHeatExchanger
1858,10,TankConicalRoofFlatBottom
1318,52,AgitatorGeneric
435,53,AgitatorPropeller
1339,57,CrusherImpactType
1587,29,AxialCompressor
3310,42,GlobeValveGeneric
640,2,ThinFilmEvaporator
2989,41,BallValveGeneric
2428,12,VesselGeneric
143,30,OPCRight
1152,24,CoilShapedTubes
2460,26,KettleReboiler
1351,59,AlternateChoiceOrSafetyInstrumentedSystemFrontCentralPanel
953,18,ColumnFixedBed
2030,1,PumpGeneric
410,37,ButterflyValveGeneric
1920,26,KettleReboiler
3274,36,ThreeWayValveGeneric
969,25,Furnace
2754,30,OPCRight
3810,50,GrinderGeneric
347,58,PrimaryChoiceOrBasicProcessControlSystemFrontCentralPanel
595,29,AxialCompressor
3408,10,TankConicalRoofFlatBottom
2310,40,CheckValveGeneric
2157,43,NeedleValve
2570,13,VesselDishedEndsGeneric
599,28,ReciprocatingPump
3594,50,GrinderGeneric
2109,35,AngleBallValve
3105,21,HeatExchangerGeneric2
2164,52,AgitatorGeneric
3112,18,ColumnFixedBed
3584,53,AgitatorPropeller
3345,25,Furnace
364,4,ValveGeneric
356,55,Burner
722,23,PlateHeatExchanger
1305,21,HeatExchangerGeneric2
2917,11,Turbine Generic
835,45,DiscreteFrontCentralPanel
2931,7,SprayDryer
3338,27,BlowerGeneric
3545,36,ThreeWayValveGeneric
2450,29,AxialCompressor
2949,1,PumpGeneric
2396,11,Turbine Generic
634,4,ValveGeneric
3043,59,AlternateChoiceOrSafetyInstrumentedSystemFrontCentralPanel
783,39,GateValveHandOperated
575,18,ColumnFixedBed
2951,0,CentrifugalPump
2558,17,TrayColumnGeneric
3738,50,GrinderGeneric
3742,48,Chimney
2519,42,GlobeValveGeneric
3204,48,Chimney
3466,14,GasCylinder
904,10,TankConicalRoofFlatBottom
1452,2,ThinFilmEvaporator
1937,32,Splitter
1003,37,ButterflyValveGeneric
923,16,ColumnGeneric
2635,39,GateValveHandOperated
3549,59,AlternateChoiceOrSafetyInstrumentedSystemFrontCentralPanel
3148,30,OPCRight
679,13,VesselDishedEndsGeneric
2162,53,AgitatorPropeller
1096,6,HeatExchangerGeneric
726,22,FixedStraightTubes
1902,20,SeperatorGeneric
3665,2,ThinFilmEvaporator
3452,19,CoolingTowerGeneric
178,48,Chimney
1380,2,ThinFilmEvaporator
2662,42,GlobeValveGeneric
2518,42,GlobeValveGeneric
13,43,NeedleValve
3547,59,AlternateChoiceOrSafetyInstrumentedSystemFrontCentralPanel
539,30,OPCRight
2048,7,SprayDryer
428,43,NeedleValve
2020,4,ValveGeneric
3267,39,GateValveHandOperated
2407,7,SprayDryer
3303,45,DiscreteFrontCentralPanel
2277,27,BlowerGeneric
800,45,DiscreteFrontCentralPanel
715,13,VesselDishedEndsGeneric
2266,18,ColumnFixedBed
3120,28,ReciprocatingPump
3737,50,GrinderGeneric
1496,47,ElectricMotorGeneric
2354,49,RotatingExtruder
1824,58,PrimaryChoiceOrBasicProcessControlSystemFrontCentralPanel
371,2,ThinFilmEvaporator
247,19,CoolingTowerGeneric
719,12,VesselGeneric
1218,26,KettleReboiler
2799,21,HeatExchangerGeneric2
2398,10,TankConicalRoofFlatBottom
1906,18,ColumnFixedBed
1602,24,CoilShapedTubes
2400,10,TankConicalRoofFlatBottom
3358,20,SeperatorGeneric
1613,32,Splitter
881,54,AgitatorDisc
84,14,GasCylinder
1742,25,Furnace
3607,33,FlowStream
2076,22,FixedStraightTubes
417,47,ElectricMotorGeneric
1029,53,AgitatorPropeller
3014,9,CompressorGeneric
54,0,CentrifugalPump
865,59,AlternateChoiceOrSafetyInstrumentedSystemFrontCentralPanel
2167,51,SieveGeneric
2825,24,CoilShapedTubes
3316,40,CheckValveGeneric
3560,55,Burner
2685,59,AlternateChoiceOrSafetyInstrumentedSystemFrontCentralPanel
780,40,CheckValveGeneric
3808,50,GrinderGeneric
1813,49,RotatingExtruder
1449,3,ColumnFluidizedBed
3502,26,KettleReboiler
2304,30,OPCRight
755,48,Chimney
683,12,VesselGeneric
2116,32,Splitter
2773,29,AxialCompressor
2491,39,GateValveHandOperated
1011,47,ElectricMotorGeneric
2038,10,TankConicalRoofFlatBottom
587,26,KettleReboiler
3111,19,CoolingTowerGeneric
1726,18,ColumnFixedBed
1295,12,VesselGeneric
1590,28,ReciprocatingPump
2206,2,ThinFilmEvaporator
863,48,Chimney
38,5,ReactorGeneric
52,0,CentrifugalPump
3834,0,CentrifugalPump
2897,12,VesselGeneric
2487,41,BallValveGeneric
493,9,CompressorGeneric
1647,21,HeatExchangerGeneric2
2823,25,Furnace
393,7,SprayDryer
647,0,CentrifugalPump
3770,57,CrusherImpactType
607,25,Furnace
2741,34,SignalLine
1181,38,GateValvePneumaticDiaphragm
2822,25,Furnace
1163,32,Splitter
2416,16,ColumnGeneric
2958,52,AgitatorGeneric
1727,18,ColumnFixedBed
3619,41,BallValveGeneric
400,40,CheckValveGeneric
3629,38,GateValvePneumaticDiaphragm
782,39,GateValveHandOperated
1095,7,SprayDryer
89,12,VesselGeneric
3367,17,TrayColumnGeneric
203,4,ValveGeneric
3307,43,NeedleValve
1237,31,RotaryMixer
28,38,GateValvePneumaticDiaphragm
2602,26,KettleReboiler
3814,48,Chimney
2176,48,Chimney
740,53,AgitatorPropeller
3008,11,Turbine Generic
2726,39,GateValveHandOperated
2296,32,Splitter
1966,46,GeneratorGeneric
2901,59,AlternateChoiceOrSafetyInstrumentedSystemFrontCentralPanel
66,8,FilterGeneric
3207,23,PlateHeatExchanger
736,18,ColumnFixedBed
2389,1,PumpGeneric
1607,34,SignalLine
1965,47,ElectricMotorGeneric
935,12,VesselGeneric
700,18,ColumnFixedBed
317,44,DiscreteField
3364,18,ColumnFixedBed
3639,47,ElectricMotorGeneric
2945,2,ThinFilmEvaporator
340,48,Chimney
3490,30,OPCRight
2516,43,NeedleValve
1198,44,DiscreteField
1753,33,FlowStream
2671,51,SieveGeneric
1968,46,GeneratorGeneric
3435,1,PumpGeneric
1935,33,FlowStream
1115,12,VesselGeneric
535,31,RotaryMixer
1405,41,BallValveGeneric
2620,32,Splitter
3350,23,PlateHeatExchanger
2501,36,ThreeWayValveGeneric
1589,28,ReciprocatingPump
2394,0,CentrifugalPump
559,23,PlateHeatExchanger
2790,24,CoilShapedTubes
1220,25,Furnace
1371,5,ReactorGeneric
2553,1,PumpGeneric
1435,43,NeedleValve
2101,25,Furnace
1275,7,SprayDryer
3818,5,ReactorGeneric
49,1,PumpGeneric
354,56,SolidShellCentrifuge
1338,58,PrimaryChoiceOrBasicProcessControlSystemFrontCentralPanel
3789,9,CompressorGeneric
3226,58,PrimaryChoiceOrBasicProcessControlSystemFrontCentralPanel
1100,17,TrayColumnGeneric
3365,18,ColumnFixedBed
1194,46,GeneratorGeneric
2477,32,Splitter
2589,19,CoolingTowerGeneric
1456,0,CentrifugalPump
3306,44,DiscreteField
3697,51,SieveGeneric
1504,44,DiscreteField
1319,52,AgitatorGeneric
770,55,Burner
1837,5,ReactorGeneric
2533,49,RotatingExtruder
1662,4,ValveGeneric
850,52,AgitatorGeneric
3275,36,ThreeWayValveGeneric
1315,53,AgitatorPropeller
1925,24,CoilShapedTubes
1327,49,RotatingExtruder
644,1,PumpGeneric
569,20,SeperatorGeneric
1250,3,ColumnFluidizedBed
3788,9,CompressorGeneric
2541,5,ReactorGeneric
261,27,BlowerGeneric
2229,7,SprayDryer
3305,44,DiscreteField
3085,15,TankDishedRoof
706,16,ColumnGeneric
1606,34,SignalLine
2227,7,SprayDryer
2748,32,Splitter
518,25,Furnace
1974,44,DiscreteField
320,43,NeedleValve
1404,6,HeatExchangerGeneric
2984,43,NeedleValve
3069,9,CompressorGeneric
1546,54,AgitatorDisc
985,31,RotaryMixer
79,15,TankDishedRoof
319,43,NeedleValve
1678,10,TankConicalRoofFlatBottom
2771,42,GlobeValveGeneric
3677,10,TankConicalRoofFlatBottom
998,39,GateValveHandOperated
1024,42,GlobeValveGeneric
384,10,TankConicalRoofFlatBottom
1802,53,AgitatorPropeller
2661,43,NeedleValve
2961,51,SieveGeneric
3494,29,AxialCompressor
1333,59,AlternateChoiceOrSafetyInstrumentedSystemFrontCentralPanel
625,31,RotaryMixer
1817,48,Chimney
442,50,GrinderGeneric
2427,13,VesselDishedEndsGeneric
937,23,PlateHeatExchanger
77,16,ColumnGeneric
871,57,CrusherImpactType
1325,50,GrinderGeneric
3816,48,Chimney
1233,33,FlowStream
1645,21,HeatExchangerGeneric2
2303,30,OPCRight
999,39,GateValveHandOperated
1307,20,SeperatorGeneric
1086,10,TankConicalRoofFlatBottom
1821,59,AlternateChoiceOrSafetyInstrumentedSystemFrontCentralPanel
916,6,HeatExchangerGeneric
2317,37,ButterflyValveGeneric
3322,38,GateValvePneumaticDiaphragm
2707,33,FlowStream
456,58,PrimaryChoiceOrBasicProcessControlSystemFrontCentralPanel
3092,13,VesselDishedEndsGeneric
3526,42,GlobeValveGeneric
1926,24,CoilShapedTubes
1886,13,VesselDishedEndsGeneric
1943,30,OPCRight
3636,36,ThreeWayValveGeneric
337,49,RotatingExtruder
3401,12,VesselGeneric
344,59,AlternateChoiceOrSafetyInstrumentedSystemFrontCentralPanel
362,5,ReactorGeneric
1464,10,TankConicalRoofFlatBottom
3390,16,ColumnGeneric
3617,30,OPCRight
1904,19,CoolingTowerGeneric
2523,53,AgitatorPropeller
2436,22,FixedStraightTubes
324,42,GlobeValveGeneric
2723,40,CheckValveGeneric
2504,47,ElectricMotorGeneric
378,0,CentrifugalPump
1321,51,SieveGeneric
1845,3,ColumnFluidizedBed
2887,15,TankDishedRoof
2971,47,ElectricMotorGeneric
2666,53,AgitatorPropeller
1417,37,ButterflyValveGeneric
723,23,PlateHeatExchanger
3260,41,BallValveGeneric
3247,45,DiscreteFrontCentralPanel
1049,58,PrimaryChoiceOrBasicProcessControlSystemFrontCentralPanel
1303,21,HeatExchangerGeneric2
2633,40,CheckValveGeneric
2384,3,ColumnFluidizedBed
2172,50,GrinderGeneric
523,35,AngleBallValve
3227,58,PrimaryChoiceOrBasicProcessControlSystemFrontCentralPanel
3314,41,BallValveGeneric
3411,9,CompressorGeneric
2916,54,AgitatorDisc
1474,6,HeatExchangerGeneric
1317,53,AgitatorPropeller
2418,16,ColumnGeneric
2507,46,GeneratorGeneric
1116,12,VesselGeneric
3649,43,NeedleValve
2542,4,ValveGeneric
492,10,TankConicalRoofFlatBottom
1571,46,GeneratorGeneric
2055,17,TrayColumnGeneric
567,21,HeatExchangerGeneric2
3622,40,CheckValveGeneric
3249,45,DiscreteFrontCentralPanel
1733,28,ReciprocatingPump
3040,0,CentrifugalPump
2001,59,AlternateChoiceOrSafetyInstrumentedSystemFrontCentralPanel
2185,57,CrusherImpactType
3634,36,ThreeWayValveGeneric
3469,13,VesselDishedEndsGeneric
1174,40,CheckValveGeneric
2845,11,Turbine Generic
2459,26,KettleReboiler
409,37,ButterflyValveGeneric
2023,3,ColumnFluidizedBed
352,56,SolidShellCentrifuge
1467,9,CompressorGeneric
3362,19,CoolingTowerGeneric
3266,39,GateValveHandOperated
2257,21,HeatExchangerGeneric2
3775,55,Burner
1259,0,CentrifugalPump
2333,44,DiscreteField
3724,30,OPCRight
1084,10,TankConicalRoofFlatBottom
2202,4,ValveGeneric
1424,47,ElectricMotorGeneric
151,57,CrusherImpactType
2511,45,DiscreteFrontCentralPanel
436,52,AgitatorGeneric
2247,13,VesselDishedEndsGeneric
1882,14,GasCylinder
3130,24,CoilShapedTubes
3744,48,Chimney
117,27,BlowerGeneric
1090,8,FilterGeneric
713,14,GasCylinder
3456,18,ColumnFixedBed
1699,15,TankDishedRoof
3618,30,OPCRight
3313,41,BallValveGeneric
2062,14,GasCylinder
1881,15,TankDishedRoof
1173,41,BallValveGeneric
939,23,PlateHeatExchanger
3380,13,VesselDishedEndsGeneric
962,27,BlowerGeneric
1433,44,DiscreteField
2876,19,CoolingTowerGeneric
2335,43,NeedleValve
1123,21,HeatExchangerGeneric2
552,14,GasCylinder
2089,29,AxialCompressor
626,31,RotaryMixer
2797,21,HeatExchangerGeneric2
1663,3,ColumnFluidizedBed
1267,9,CompressorGeneric
1296,12,VesselGeneric
660,8,FilterGeneric
1971,45,DiscreteFrontCentralPanel
1807,51,SieveGeneric
1409,40,CheckValveGeneric
892,2,ThinFilmEvaporator
1419,37,ButterflyValveGeneric
3361,19,CoolingTowerGeneric
681,13,VesselDishedEndsGeneric
2288,35,AngleBallValve
1133,18,ColumnFixedBed
1741,25,Furnace
1270,8,FilterGeneric
2952,0,CentrifugalPump
781,39,GateValveHandOperated
2905,57,CrusherImpactType
1938,32,Splitter
2756,47,ElectricMotorGeneric
1651,19,CoolingTowerGeneric
2357,48,Chimney
398,41,BallValveGeneric
3485,32,Splitter
2810,29,AxialCompressor
3660,4,ValveGeneric
922,16,ColumnGeneric
732,20,SeperatorGeneric
3571,27,BlowerGeneric
2615,34,SignalLine
3406,10,TankConicalRoofFlatBottom
293,40,CheckValveGeneric
1311,19,CoolingTowerGeneric
303,37,ButterflyValveGeneric
3090,14,GasCylinder
1638,12,VesselGeneric
273,35,AngleBallValve
2302,30,OPCRight
363,5,ReactorGeneric
2447,18,ColumnFixedBed
1942,30,OPCRight
1491,37,ButterflyValveGeneric
2927,8,FilterGeneric
1542,56,SolidShellCentrifuge
336,50,GrinderGeneric
2920,10,TankConicalRoofFlatBottom
638,3,ColumnFluidizedBed
283,31,RotaryMixer
1827,57,CrusherImpactType
3082,16,ColumnGeneric
2779,27,BlowerGeneric
2205,3,ColumnFluidizedBed
3400,12,VesselGeneric
171,51,SieveGeneric
36,36,ThreeWayValveGeneric
314,45,DiscreteFrontCentralPanel
3119,28,ReciprocatingPump
3272,37,ButterflyValveGeneric
1990,50,GrinderGeneric
556,12,VesselGeneric
519,25,Furnace
1271,8,FilterGeneric
1001,38,GateValvePneumaticDiaphragm
733,19,CoolingTowerGeneric
1377,3,ColumnFluidizedBed
3038,1,PumpGeneric
1052,57,CrusherImpactType
359,54,AgitatorDisc
3282,58,PrimaryChoiceOrBasicProcessControlSystemFrontCentralPanel
1178,39,GateValveHandOperated
192,8,FilterGeneric
1795,43,NeedleValve
1473,7,SprayDryer
419,46,GeneratorGeneric
2035,11,Turbine Generic
2156,43,NeedleValve
3454,18,ColumnFixedBed
3575,26,KettleReboiler
3381,13,VesselDishedEndsGeneric
3396,14,GasCylinder
